,mw-file-element,//upload.wikimedia.org/wikipedia/commons/thumb/1/1b/Jump-to-top_icon.svg/20px-Jump-to-top_icon.svg.png,
,mw-file-element,//upload.wikimedia.org/wikipedia/commons/thumb/8/8e/P_countries-vector.svg/30px-P_countries-vector.svg.png,
,mw-file-element,//upload.wikimedia.org/wikipedia/commons/thumb/4/48/P_history.svg/30px-P_history.svg.png,
,mw-file-element,//upload.wikimedia.org/wikipedia/commons/thumb/4/42/Social_sciences.svg/30px-Social_sciences.svg.png,
,mw-file-element,//upload.wikimedia.org/wikipedia/commons/thumb/4/4f/P_culture.svg/30px-P_culture.svg.png,
,mw-file-element,//upload.wikimedia.org/wikipedia/commons/thumb/2/28/P_religion_world.svg/30px-P_religion_world.svg.png,
,mw-file-element,//upload.wikimedia.org/wikipedia/commons/thumb/3/36/P_sport.svg/30px-P_sport.svg.png,
,mw-file-element,//upload.wikimedia.org/wikipedia/commons/thumb/e/e3/P_train.svg/30px-P_train.svg.png,
,mw-file-element,//upload.wikimedia.org/wikipedia/commons/thumb/f/f4/P_parthenon.svg/30px-P_parthenon.svg.png,
,mw-file-element,//upload.wikimedia.org/wikipedia/commons/thumb/1/1b/Jump-to-top_icon.svg/20px-Jump-to-top_icon.svg.png,
,mw-file-element,//upload.wikimedia.org/wikipedia/commons/thumb/1/1b/Jump-to-top_icon.svg/20px-Jump-to-top_icon.svg.png,
,mw-file-element,//upload.wikimedia.org/wikipedia/commons/thumb/b/b4/Pantheist_Live_%40_Antqwerp%2C_Belgium.jpg/166px-Pantheist_Live_%40_Antqwerp%2C_Belgium.jpg,
,mw-file-element,//upload.wikimedia.org/wikipedia/commons/thumb/4/43/Feed-icon.svg/12px-Feed-icon.svg.png,
,mw-file-element,//upload.wikimedia.org/wikipedia/commons/thumb/1/1b/Jump-to-top_icon.svg/20px-Jump-to-top_icon.svg.png,
,mw-file-element,//upload.wikimedia.org/wikipedia/de/thumb/d/d9/Lithographie_zur_Einweihung_des_Brenzhauses_am_5._November_1898%2C_neben_der_St._Michaeliskirche%2C_Schw%C3%A4bisch_Hall%2C_1898_.jpg/124px-Lithographie_zur_Einweihung_des_Brenzhauses_am_5._November_1898%2C_neben_der_St._Michaeliskirche%2C_Schw%C3%A4bisch_Hall%2C_1898_.jpg,
,mw-file-element,//upload.wikimedia.org/wikipedia/commons/thumb/4/43/Feed-icon.svg/12px-Feed-icon.svg.png,
,mw-file-element,//upload.wikimedia.org/wikipedia/commons/thumb/1/1b/Jump-to-top_icon.svg/20px-Jump-to-top_icon.svg.png,
,mw-file-element,//upload.wikimedia.org/wikipedia/commons/thumb/d/d5/Lutz_Seiler_2.jpg/122px-Lutz_Seiler_2.jpg,Lutz Seiler (2014)
,mw-file-element,//upload.wikimedia.org/wikipedia/commons/thumb/1/1b/Jump-to-top_icon.svg/20px-Jump-to-top_icon.svg.png,
,mw-file-element,//upload.wikimedia.org/wikipedia/commons/thumb/1/1b/Jump-to-top_icon.svg/20px-Jump-to-top_icon.svg.png,
,mw-file-element,//upload.wikimedia.org/wikipedia/commons/thumb/9/9a/Das_G%C3%BCnderodehaus_%C3%BCber_Oberwesel_war_ein_Drehort_f%C3%BCr_den_Film_%E2%80%9EHeimat_3%E2%80%9C_von_Edgar_Reitz_-_panoramio.jpg/115px-Das_G%C3%BCnderodehaus_%C3%BCber_Oberwesel_war_ein_Drehort_f%C3%BCr_den_Film_%E2%80%9EHeimat_3%E2%80%9C_von_Edgar_Reitz_-_panoramio.jpg,Ein zweistöckiges Fachwerkhausmit grauem Dach im Grünen, rechts daneben ein kleineres Fachwerkgebäude, im Hintergrund liegt ein See
,mw-file-element,//upload.wikimedia.org/wikipedia/commons/thumb/1/1b/Jump-to-top_icon.svg/20px-Jump-to-top_icon.svg.png,
,mw-file-element,//upload.wikimedia.org/wikipedia/commons/thumb/7/75/Wikimedia_Community_Logo.svg/20px-Wikimedia_Community_Logo.svg.png,
,mw-file-element,//upload.wikimedia.org/wikipedia/commons/thumb/4/4a/Commons-logo.svg/18px-Commons-logo.svg.png,
,mw-file-element,//upload.wikimedia.org/wikipedia/commons/thumb/f/f9/Wiktionary_small.svg/21px-Wiktionary_small.svg.png,
,mw-file-element,//upload.wikimedia.org/wikipedia/commons/thumb/f/fa/Wikibooks-logo.svg/19px-Wikibooks-logo.svg.png,
,mw-file-element,//upload.wikimedia.org/wikipedia/commons/thumb/f/fa/Wikiquote-logo.svg/18px-Wikiquote-logo.svg.png,
,mw-file-element,//upload.wikimedia.org/wikipedia/commons/thumb/9/91/Wikiversity-logo.svg/21px-Wikiversity-logo.svg.png,
,mw-file-element,//upload.wikimedia.org/wikipedia/commons/thumb/4/4c/Wikisource-logo.svg/20px-Wikisource-logo.svg.png,
,mw-file-element,//upload.wikimedia.org/wikipedia/commons/thumb/2/24/Wikinews-logo.svg/32px-Wikinews-logo.svg.png,
,mw-file-element,//upload.wikimedia.org/wikipedia/commons/thumb/f/ff/Wikidata-logo.svg/28px-Wikidata-logo.svg.png,
,mw-file-element,//upload.wikimedia.org/wikipedia/commons/thumb/d/df/Wikispecies-logo.svg/20px-Wikispecies-logo.svg.png,
,mw-file-element,//upload.wikimedia.org/wikipedia/commons/thumb/d/dd/Wikivoyage-Logo-v3-icon.svg/20px-Wikivoyage-Logo-v3-icon.svg.png,
,,https://login.wikimedia.org/wiki/Special:CentralAutoLogin/start?type=1x1,
,,/static/images/footer/wikimedia-button.png,Wikimedia Foundation
,,/static/images/footer/poweredby_mediawiki_88x31.png,Powered by MediaWiki